{
    "data": [
        {
            "B": 13,
            "S": 7,
            "M": 6,
            "I": 15,
            "E": 1,
            "A": 3,
            "H": 5,
            "T": 12,
            "J": 1,
            "K": 1,
            "D": 4,
            "W": 8,
            "Y": 2,
            "G": 4,
            "(": 1,
            "C": 4,
            "N": 2,
            "L": 1,
            "O": 3,
            "P": 2,
            "U": 1,
            "F": 3,
            "2": 1
        }
    ]
}